Vendor SKU,Product name,Category,Price,Vendor,Internal Notes
SKU-FW-1002,Urban Glide Sneaker,Footwear,3149,Trailhead Supply Pvt Ltd,
,Summit Hiking Boot,Footwear,4899,Trailhead Supply Pvt Ltd,
SKU-BG-2002,,Bags,1290,Sahyadri Textiles,
SKU-AP-3001,Relaxed Linen Shirt,apparel ,1899,Northstar Apparel Supply,
SKU-AP-3001,Relaxed Linen Shirt,Apparel,1899,Northstar Apparel Supply,re-sent
SKU-AC-4002,Leather Bifold Wallet,Accessories,"Rs 1,299",Ganga Accessories Hub,
SKU-AC-4003,Woven Leather Belt,Accessories,TBD,Ganga Accessories Hub,out of season
,,Bags,1500,Metro Leather Co.,
SKU-BG-2005,Premium Bag Strap,Bags,,Metro Leather Co.,
