keyword,monthly_search_volume,competition,product_name,category,target_page
running shoes,8100,high,Running Shoes,Footwear,/running-shoes
Running Shoes,8100,high,Running Shoes,Footwear,/running-shoes
trail running shoes india,1900,medium,Running Shoes,Footwear,/running-shoes
best trail running shoes,1300,medium,Running Shoes,Footwear,/running-shoes
leather laptop bag for men,720,medium,,,
buy leather laptop bag,480,low,,,
canvas tote bag,2400,high,Canvas Tote Bags,Bags,/canvas-tote-bags
buy canvas tote bag online,390,low,,,
waterproof hiking boots,1600,medium,Hiking Boots,Footwear,/hiking-boots
best hiking boots for monsoon,260,low,Hiking Boots,Footwear,/hiking-boots
linen shirts for men,880,medium,,,
summer linen shirt men,320,low,,,
organic cotton t shirt,1100,medium,,,
rfid wallet,590,medium,,,
mens leather wallet,2900,high,,,
polarised sunglasses under 3000,410,medium,Aviator Sunglasses,Sunglasses,/aviator-sunglasses
aviator sunglasses,3600,high,Aviator Sunglasses,Sunglasses,/aviator-sunglasses
smart watch strap,700,medium,,,
sports watch band silicone,320,low,,,
insulated water bottle,1300,medium,,,
steel water bottle leakproof,140,low,,,
duffel bag 40 litre,260,low,,,
merino wool sweater men,590,medium,,,
monsoon sandals for women,720,low,,,
how to clean leather bag,480,low,,,
return policy,1900,low,,,
track my order,8800,low,,,
order tracking page,210,low,,,
pleated midi skirt,1000,medium,,,
Track My Order,8800,low,,,
