Vendor SKU,Item Name,cat,Unit Price,Vendor,Remarks
sku-fw-1001 ,Trailblazer Trail Running Shoe,footwear,"₹3,499",Trailhead Supply Pvt Ltd,
SKU-FW-1002,Urban Glide Sneaker,Footwear,3149.00,Trailhead Supply Pvt Ltd,MOQ 50
,Summit Hiking Boot,FOOTWEAR,"Rs. 4,899",Trailhead Supply Pvt Ltd,
SKU-FW-1004,,footwear,1299,Trailhead Supply Pvt Ltd,restock Oct
SKU-FW-1006,Monsoon Rain Sandal,Footwear ,1149,Trailhead Supply Pvt Ltd,
SKU-BG-2001,Metro Leather Laptop Bag,Bags,4599,Metro Leather Co.,
SKU-BG-2002,Everyday Canvas Tote,bags,1290,Sahyadri Textiles,
SKU-BG-2003,Compact Crossbody Sling,Bags,1710,Metro Leather Co.,
SKU-BG-2004,Weekend Duffel 40L,Bags,3299,Metro Leather Co.,
SKU-BG-2004,Weekend Duffel 40L,Bags,3299,Metro Leather Co.,
SKU-AP-3001,Relaxed Linen Shirt,Apparel,1899,Northstar Apparel Supply,
SKU-AP-3002,Organic Cotton Tee,apparel,899,Northstar Apparel Supply,
SKU-AP-3003,Merino Crew Sweater,Apparel,"4,800",Northstar Apparel Supply,Seasonal
,,Apparel,Rs 2199,Sahyadri Textiles,
SKU-AC-4001,Polarised Aviator Sunglasses,Accessories,2250,Ganga Accessories Hub,
SKU-AC-4004,Sport Smart Watch Strap,accessories,549,Ganga Accessories Hub,discontinuing soon
SKU-FW-9999,Trail Gaiter Set,Footwear,1850,Trailhead Supply Pvt Ltd,new listing
SKU-AC-4005,Recycled Steel Water Bottle,Accessories,878,Ganga Accessories Hub,
